Sr_no,Abbrevation,Company Name,Reports,Industrial_vertical,Industry_sector,Date,Value,Start_year
0,MMM,3M Company,reports,Industrials,Industrial Conglomerates,,66740,1902
1,ABT,Abbott Laboratories,reports,Health Care,Health Care Equipment,3/31/64,1800,1888
2,ABBV,AbbVie Inc.,reports,Health Care,Pharmaceuticals,12/31/12,1551152,2013
3,ABMD,ABIOMED Inc,reports,Health Care,Health Care Equipment,5/31/18,815094,1981
4,ACN,Accenture plc,reports,Information Technology,IT Consulting & Other Services,7/6/11,1467373,1989
5,ATVI,Activision Blizzard,reports,Communication Services,Interactive Home Entertainment,8/31/15,718877,2008
6,ADBE,Adobe Systems Inc,reports,Information Technology,Application Software,5/5/97,796343,1982
7,AMD,Advanced Micro Devices Inc,reports,Information Technology,Semiconductors,3/20/17,2488,1969
8,AAP,Advance Auto Parts,reports,Consumer Discretionary,Automotive Retail,7/9/15,1158449,1932
9,AES,AES Corp,reports,Utilities,Independent Power Producers & Energy Traders,10/2/98,874761,1981
10,AMG,Affiliated Managers Group Inc,reports,Financials,Asset Management & Custody Banks,7/1/14,1004434,1993
11,AFL,AFLAC Inc,reports,Financials,Life & Health Insurance,5/28/99,4977,1955
12,A,Agilent Technologies Inc,reports,Health Care,Health Care Equipment,6/5/00,1090872,1999
13,APD,Air Products & Chemicals Inc,reports,Materials,Industrial Gases,4/30/85,2969,1940
14,AKAM,Akamai Technologies Inc,reports,Information Technology,Internet Services & Infrastructure,7/12/07,1086222,1998
15,ALK,Alaska Air Group Inc,reports,Industrials,Airlines,5/13/16,766421,1985
16,ALB,Albemarle Corp,reports,Materials,Specialty Chemicals,7/1/16,915913,1994
17,ARE,Alexandria Real Estate Equities,reports,Real Estate,Office REITs,3/20/17,1035443,1994
18,ALXN,Alexion Pharmaceuticals,reports,Health Care,Biotechnology,5/25/12,899866,1992
19,ALGN,Align Technology,reports,Health Care,Health Care Supplies,6/19/17,1097149,1997
20,ALLE,Allegion,reports,Industrials,Building Products,12/2/13,1579241,1908
21,AGN,"Allergan, Plc",reports,Health Care,Pharmaceuticals,4/12/99,1578845,1983
22,ADS,Alliance Data Systems,reports,Information Technology,Data Processing & Outsourced Services,12/23/13,1101215,1996
23,LNT,Alliant Energy Corp,reports,Utilities,Electric Utilities,7/1/16,352541,1917
24,ALL,Allstate Corp,reports,Financials,Property & Casualty Insurance,7/13/95,899051,1931
25,GOOGL,Alphabet Inc Class A,reports,Communication Services,Interactive Media & Services,4/3/14,1652044,1998
26,GOOG,Alphabet Inc Class C,reports,Communication Services,Interactive Media & Services,4/3/06,1652044,1998
27,MO,Altria Group Inc,reports,Consumer Staples,Tobacco,,764180,1985
28,AMZN,Amazon.com Inc.,reports,Consumer Discretionary,Internet & Direct Marketing Retail,11/18/05,1018724,1994
29,AEE,Ameren Corp,reports,Utilities,Multi-Utilities,9/19/91,1002910,1902
30,AAL,American Airlines Group,reports,Industrials,Airlines,3/23/15,6201,1934
31,AEP,American Electric Power,reports,Utilities,Electric Utilities,,4904,1906
32,AXP,American Express Co,reports,Financials,Consumer Finance,6/30/76,4962,1850
33,AIG,American International Group,reports,Financials,Property & Casualty Insurance,3/31/80,5272,1919
34,AMT,American Tower Corp.,reports,Real Estate,Specialized REITs,11/19/07,1053507,1995
35,AWK,American Water Works Company Inc,reports,Utilities,Water Utilities,3/4/16,1410636,1886
36,AMP,Ameriprise Financial,reports,Financials,Asset Management & Custody Banks,10/3/05,820027,1894
37,ABC,AmerisourceBergen Corp,reports,Health Care,Health Care Distributors,8/30/01,1140859,1985
38,AME,AMETEK Inc.,reports,Industrials,Electrical Components & Equipment,9/23/13,1037868,1930
39,AMGN,Amgen Inc.,reports,Health Care,Biotechnology,1/2/92,318154,1980
40,APH,Amphenol Corp,reports,Information Technology,Electronic Components,9/30/08,820313,1932
41,APC,Anadarko Petroleum Corp,reports,Energy,Oil & Gas Exploration & Production,7/28/97,773910,1959
42,ADI,"Analog Devices, Inc.",reports,Information Technology,Semiconductors,10/12/99,6281,1965
43,ANSS,ANSYS,reports,Information Technology,Application Software,6/19/17,1013462,1969
44,ANTM,Anthem Inc.,reports,Health Care,Managed Health Care,7/25/02,1156039,2014
45,AON,Aon plc,reports,Financials,Insurance Brokers,4/23/96,315293,1982
46,AOS,A.O. Smith Corp,reports,Industrials,Building Products,7/26/17,91142,1916
47,APA,Apache Corporation,reports,Energy,Oil & Gas Exploration & Production,7/28/97,6769,1954
48,AIV,Apartment Investment & Management,reports,Real Estate,Residential REITs,3/14/03,922864,1994
49,AAPL,Apple Inc.,reports,Information Technology,"Technology Hardware, Storage & Peripherals",11/30/82,320193,1977
50,AMAT,Applied Materials Inc.,reports,Information Technology,Semiconductor Equipment,3/16/95,6951,1967
51,APTV,Aptiv Plc,reports,Consumer Discretionary,Auto Parts & Equipment,12/24/12,1521332,1994
52,ADM,Archer-Daniels-Midland Co,reports,Consumer Staples,Agricultural Products,7/29/81,7084,1902
53,ARNC,Arconic Inc.,reports,Industrials,Aerospace & Defense,3/31/64,4281,2016
54,ANET,Arista Networks,reports,Information Technology,Communications Equipment,8/28/18,1596532,2004
55,AJG,Arthur J. Gallagher & Co.,reports,Financials,Insurance Brokers,5/31/16,354190,
56,AIZ,Assurant,reports,Financials,Multi-line Insurance,4/10/07,1267238,
57,ATO,Atmos Energy Corp,reports,Utilities,Gas Utilities,2/15/19,731802,1906
58,T,AT&T Inc.,reports,Communication Services,Integrated Telecommunication Services,11/30/83,732717,1983
59,ADSK,Autodesk Inc.,reports,Information Technology,Application Software,12/1/89,769397,
60,ADP,Automatic Data Processing,reports,Information Technology,Internet Services & Infrastructure,3/31/81,8670,
61,AZO,AutoZone Inc,reports,Consumer Discretionary,Specialty Stores,1/2/97,866787,
62,AVB,"AvalonBay Communities, Inc.",reports,Real Estate,Residential REITs,1/10/07,915912,
63,AVY,Avery Dennison Corp,reports,Materials,Paper Packaging,12/31/87,8818,
64,BHGE,"Baker Hughes, a GE Company",reports,Energy,Oil & Gas Equipment & Services,,1701605,2017
65,BLL,Ball Corp,reports,Materials,Metal & Glass Containers,10/31/84,9389,
66,BAC,Bank of America Corp,reports,Financials,Diversified Banks,6/30/76,70858,
67,BK,The Bank of New York Mellon Corp.,reports,Financials,Asset Management & Custody Banks,3/31/95,1390777,
68,BAX,Baxter International Inc.,reports,Health Care,Health Care Equipment,9/30/72,10456,1931
69,BBT,BB&T Corporation,reports,Financials,Regional Banks,12/4/97,92230,
70,BDX,Becton Dickinson,reports,Health Care,Health Care Equipment,9/30/72,10795,1897
71,BRK.B,Berkshire Hathaway,reports,Financials,Multi-Sector Holdings,2/16/10,1067983,
72,BBY,Best Buy Co. Inc.,reports,Consumer Discretionary,Computer & Electronics Retail,6/29/99,764478,
73,BIIB,Biogen Inc.,reports,Health Care,Biotechnology,11/13/03,875045,
74,BLK,BlackRock,reports,Financials,Asset Management & Custody Banks,4/4/11,1364742,
75,HRB,Block H&R,reports,Consumer Discretionary,Specialized Consumer Services,11/30/86,12659,
76,BA,Boeing Company,reports,Industrials,Aerospace & Defense,,12927,1916
77,BKNG,Booking Holdings Inc,reports,Consumer Discretionary,Internet & Direct Marketing Retail,11/6/09,1075531,
78,BWA,BorgWarner,reports,Consumer Discretionary,Auto Parts & Equipment,12/19/11,908255,
79,BXP,Boston Properties,reports,Real Estate,Office REITs,4/3/06,1037540,
80,BSX,Boston Scientific,reports,Health Care,Health Care Equipment,2/24/95,885725,
81,BMY,Bristol-Myers Squibb,reports,Health Care,Health Care Distributors,,14272,1989
82,AVGO,Broadcom,reports,Information Technology,Semiconductors,5/8/14,1730168,
83,BR,Broadridge Financial Solutions,reports,Information Technology,Data Processing & Outsourced Services,6/18/18,1383312,1962
84,BF.B,Brown-Forman Corp.,reports,Consumer Staples,Distillers & Vintners,10/31/82,14693,
85,CHRW,C. H. Robinson Worldwide,reports,Industrials,Air Freight & Logistics,3/2/07,1043277,
86,COG,Cabot Oil & Gas,reports,Energy,Oil & Gas Exploration & Production,6/23/08,858470,
87,CDNS,Cadence Design Systems,reports,Information Technology,Application Software,9/18/17,813672,
88,CPB,Campbell Soup,reports,Consumer Staples,Packaged Foods & Meats,,16732,1869
89,COF,Capital One Financial,reports,Financials,Consumer Finance,7/1/98,927628,1935
90,CPRI,Capri Holdings,reports,Consumer Discretionary,"Apparel, Accessories & Luxury Goods",11/13/13,1530721,
91,CAH,Cardinal Health Inc.,reports,Health Care,Health Care Distributors,5/27/97,721371,
92,KMX,Carmax Inc,reports,Consumer Discretionary,Specialty Stores,6/28/10,1170010,
93,CCL,Carnival Corp.,reports,Consumer Discretionary,"Hotels, Resorts & Cruise Lines",12/22/98,815097,
94,CAT,Caterpillar Inc.,reports,Industrials,Construction Machinery & Heavy Trucks,,18230,1925
95,CBOE,Cboe Global Markets,reports,Financials,Financial Exchanges & Data,3/1/17,1374310,
96,CBRE,CBRE Group,reports,Real Estate,Real Estate Services,11/10/06,1138118,
97,CBS,CBS Corp.,reports,Communication Services,Broadcasting,9/1/94,813828,2006
98,CE,Celanese,reports,Materials,Specialty Chemicals,12/24/18,1306830,
99,CELG,Celgene Corp.,reports,Health Care,Biotechnology,11/6/06,816284,
100,CNC,Centene Corporation,reports,Health Care,Managed Health Care,3/30/16,1071739,
101,CNP,CenterPoint Energy,reports,Utilities,Multi-Utilities,7/31/85,1130310,
102,CTL,CenturyLink Inc,reports,Communication Services,Integrated Telecommunication Services,3/25/99,18926,
103,CERN,Cerner,reports,Health Care,Health Care Technology,4/30/10,804753,
104,CF,CF Industries Holdings Inc,reports,Materials,Fertilizers & Agricultural Chemicals,8/27/08,1324404,
105,SCHW,Charles Schwab Corporation,reports,Financials,Investment Banking & Brokerage,6/2/97,316709,
106,CHTR,Charter Communications,reports,Communication Services,Cable & Satellite,9/8/16,1091667,
107,CVX,Chevron Corp.,reports,Energy,Integrated Oil & Gas,,93410,1879
108,CMG,Chipotle Mexican Grill,reports,Consumer Discretionary,Restaurants,4/28/11,1058090,
109,CB,Chubb Limited,reports,Financials,Property & Casualty Insurance,7/15/10,896159,
110,CHD,Church & Dwight,reports,Consumer Staples,Household Products,12/29/15,313927,
111,CI,CIGNA Corp.,reports,Health Care,Managed Health Care,6/30/76,701221,
112,XEC,Cimarex Energy,reports,Energy,Oil & Gas Exploration & Production,6/21/14,1168054,
113,CINF,Cincinnati Financial,reports,Financials,Property & Casualty Insurance,12/18/97,20286,
114,CTAS,Cintas Corporation,reports,Industrials,Diversified Support Services,3/1/01,723254,
115,CSCO,Cisco Systems,reports,Information Technology,Communications Equipment,12/1/93,858877,
116,C,Citigroup Inc.,reports,Financials,Diversified Banks,5/31/88,831001,
117,CFG,Citizens Financial Group,reports,Financials,Regional Banks,1/29/16,759944,
118,CTXS,Citrix Systems,reports,Information Technology,Internet Software & Services,12/1/99,877890,
119,CLX,The Clorox Company,reports,Consumer Staples,Household Products,3/31/69,21076,1913
120,CME,CME Group Inc.,reports,Financials,Financial Exchanges & Data,8/11/06,1156375,
121,CMS,CMS Energy,reports,Utilities,Multi-Utilities,5/3/99,811156,
122,KO,Coca-Cola Company,reports,Consumer Staples,Soft Drinks,,21344,1886
123,CTSH,Cognizant Technology Solutions,reports,Information Technology,IT Consulting & Other Services,11/17/06,1058290,
124,CL,Colgate-Palmolive,reports,Consumer Staples,Household Products,,21665,1806
125,CMCSA,Comcast Corp.,reports,Communication Services,Cable & Satellite,9/18/15,1166691,
126,CMA,Comerica Inc.,reports,Financials,Diversified Banks,12/1/95,28412,
127,CAG,Conagra Brands,reports,Consumer Staples,Packaged Foods & Meats,8/31/83,23217,
128,CXO,Concho Resources,reports,Energy,Oil & Gas Exploration & Production,2/22/16,1358071,
129,COP,ConocoPhillips,reports,Energy,Oil & Gas Exploration & Production,,1163165,2002
130,ED,Consolidated Edison,reports,Utilities,Electric Utilities,,1047862,1823
131,STZ,Constellation Brands,reports,Consumer Staples,Distillers & Vintners,7/1/05,16918,
132,COO,The Cooper Companies,reports,Health Care,Health Care Supplies,9/23/16,711404,
133,CPRT,Copart Inc,reports,Industrials,Diversified Support Services,7/2/18,900075,
134,GLW,Corning Inc.,reports,Information Technology,Electronic Components,,24741,1851
135,COST,Costco Wholesale Corp.,reports,Consumer Staples,Hypermarkets & Super Centers,10/1/93,909832,
136,COTY,"Coty, Inc",reports,Consumer Staples,Personal Products,10/3/16,1024305,
137,CCI,Crown Castle International Corp.,reports,Real Estate,Specialized REITs,3/14/12,1051470,
138,CSX,CSX Corp.,reports,Industrials,Railroads,9/30/67,277948,1980
139,CMI,Cummins Inc.,reports,Industrials,Industrial Machinery,3/31/65,26172,1919
140,CVS,CVS Health,reports,Health Care,Health Care Services,,64803,1996
141,DHI,D. R. Horton,reports,Consumer Discretionary,Homebuilding,,882184,1978
142,DHR,Danaher Corp.,reports,Health Care,Health Care Equipment,,313616,1969
143,DRI,Darden Restaurants,reports,Consumer Discretionary,Restaurants,,940944,1938
144,DVA,DaVita Inc.,reports,Health Care,Health Care Facilities,7/31/08,927066,
145,DE,Deere & Co.,reports,Industrials,Agricultural & Farm Machinery,,315189,1837
146,DAL,Delta Air Lines Inc.,reports,Industrials,Airlines,9/11/13,27904,
147,XRAY,Dentsply Sirona,reports,Health Care,Health Care Supplies,11/14/08,818479,
148,DVN,Devon Energy,reports,Energy,Oil & Gas Exploration & Production,8/30/00,1090012,
149,FANG,Diamondback Energy,reports,Energy,Oil & Gas Exploration & Production,12/3/18,1539838,2007
150,DLR,Digital Realty Trust Inc,reports,Real Estate,Specialized REITs,5/18/16,1297996,
151,DFS,Discover Financial Services,reports,Financials,Consumer Finance,7/2/07,1393612,
152,DISCA,Discovery Inc. Class A,reports,Communication Services,Broadcasting,3/1/10,1437107,
153,DISCK,Discovery Inc. Class C,reports,Communication Services,Broadcasting,8/7/14,1437107,
154,DISH,Dish Network,reports,Communication Services,Cable & Satellite,3/13/17,1001082,
155,DG,Dollar General,reports,Consumer Discretionary,General Merchandise Stores,12/3/12,29534,
156,DLTR,Dollar Tree,reports,Consumer Discretionary,General Merchandise Stores,12/19/11,935703,
157,D,Dominion Energy,reports,Utilities,Electric Utilities,,715957,1983
158,DOV,Dover Corp.,reports,Industrials,Industrial Machinery,10/31/85,29905,
159,DOW,Dow Inc.,reports,Materials,Commodity Chemicals,4/1/19,1751788,2019
160,DWDP,DowDuPont,reports,Materials,Specialty Chemicals,,1666700,2017
161,DTE,DTE Energy Co.,reports,Utilities,Multi-Utilities,,936340,1995
162,DRE,Duke Realty Corp,reports,Real Estate,Industrial REITs,7/26/17,783280,
163,DUK,Duke Energy,reports,Utilities,Electric Utilities,6/30/76,1326160,
164,DXC,DXC Technology,reports,Information Technology,IT Consulting & Other Services,4/4/17,1688568,
165,ETFC,E*Trade,reports,Financials,Investment Banking & Brokerage,3/31/04,1015780,
166,EMN,Eastman Chemical,reports,Materials,Diversified Chemicals,1/1/94,915389,
167,ETN,Eaton Corporation,reports,Industrials,Electrical Components & Equipment,,1551182,1911
168,EBAY,eBay Inc.,reports,Consumer Discretionary,Internet & Direct Marketing Retail,,1065088,1995
169,ECL,Ecolab Inc.,reports,Materials,Specialty Chemicals,1/31/89,31462,
170,EIX,Edison Int'l,reports,Utilities,Electric Utilities,,827052,1886
171,EW,Edwards Lifesciences,reports,Health Care,Health Care Equipment,4/1/11,1099800,
172,EA,Electronic Arts,reports,Communication Services,Interactive Home Entertainment,7/22/02,712515,
173,EMR,Emerson Electric Company,reports,Industrials,Electrical Components & Equipment,3/31/65,32604,1890
174,ETR,Entergy Corp.,reports,Utilities,Electric Utilities,,65984,1913
175,EOG,EOG Resources,reports,Energy,Oil & Gas Exploration & Production,11/2/00,821189,
176,EFX,Equifax Inc.,reports,Industrials,Research & Consulting Services,6/19/97,33185,
177,EQIX,Equinix,reports,Real Estate,Specialized REITs,3/20/15,1101239,
178,EQR,Equity Residential,reports,Real Estate,Residential REITs,12/3/01,906107,
179,ESS,"Essex Property Trust, Inc.",reports,Real Estate,Residential REITs,4/2/14,920522,
180,EL,Estee Lauder Cos.,reports,Consumer Staples,Personal Products,1/5/06,1001250,
181,EVRG,Evergy,reports,Utilities,Electric Utilities,6/5/18,1711269,1909
182,ES,Eversource Energy,reports,Utilities,Multi-Utilities,,72741,1966
183,RE,Everest Re Group Ltd.,reports,Financials,Reinsurance,6/19/17,1095073,
184,EXC,Exelon Corp.,reports,Utilities,Multi-Utilities,,1109357,2000
185,EXPE,Expedia Group,reports,Consumer Discretionary,Internet & Direct Marketing Retail,10/2/07,1324424,
186,EXPD,Expeditors,reports,Industrials,Air Freight & Logistics,10/10/07,746515,
187,EXR,Extra Space Storage,reports,Real Estate,Specialized REITs,1/19/16,1289490,
188,XOM,Exxon Mobil Corp.,reports,Energy,Integrated Oil & Gas,,34088,1999
189,FFIV,F5 Networks,reports,Information Technology,Communications Equipment,12/20/10,1048695,1996
190,FB,"Facebook, Inc.",reports,Communication Services,Interactive Media & Services,12/23/13,1326801,
191,FAST,Fastenal Co,reports,Industrials,Building Products,9/15/09,815556,
192,FRT,Federal Realty Investment Trust,reports,Real Estate,Retail REITs,2/1/16,34903,
193,FDX,FedEx Corporation,reports,Industrials,Air Freight & Logistics,12/31/80,1048911,
194,FIS,Fidelity National Information Services,reports,Information Technology,Internet Software & Services,11/10/06,1136893,
195,FITB,Fifth Third Bancorp,reports,Financials,Regional Banks,,35527,1858
196,FE,FirstEnergy Corp,reports,Utilities,Electric Utilities,,1031296,1997
197,FRC,First Republic Bank,reports,Financials,Regional Banks,1/2/19,1132979,1985
198,FISV,Fiserv Inc,reports,Information Technology,Internet Software & Services,4/2/01,798354,
199,FLT,FleetCor Technologies Inc,reports,Information Technology,Data Processing & Outsources Services,6/20/18,1175454,2000
200,FLIR,FLIR Systems,reports,Information Technology,Electronic Equipment & Instruments,1/2/09,354908,
201,FLS,Flowserve Corporation,reports,Industrials,Industrial Machinery,10/2/08,30625,
202,FLR,Fluor Corp.,reports,Industrials,Construction & Engineering,3/31/80,1124198,
203,FMC,FMC Corporation,reports,Materials,Fertilizers & Agricultural Chemicals,8/19/09,37785,
204,FL,Foot Locker Inc,reports,Consumer Discretionary,Apparel Retail,4/4/16,850209,
205,F,Ford Motor,reports,Consumer Discretionary,Automobile Manufacturers,,37996,1903
206,FTNT,Fortinet,reports,Information Technology,Systems Software,10/11/18,1262039,2000
207,FTV,Fortive Corp,reports,Industrials,Industrial Machinery,7/1/16,1659166,
208,FBHS,Fortune Brands Home & Security,reports,Industrials,Building Products,6/22/16,1519751,
209,FOXA,Fox Corporation Class A,reports,Communication Services,Movies & Entertainment,7/1/13,1308161,
210,FOX,Fox Corporation Class B,reports,Communication Services,Movies & Entertainment,9/18/15,1308161,
211,BEN,Franklin Resources,reports,Financials,Asset Management & Custody Banks,,38777,1947
212,FCX,Freeport-McMoRan Inc.,reports,Materials,Copper,,831259,1912
213,GPS,Gap Inc.,reports,Consumer Discretionary,Apparel Retail,8/31/86,39911,
214,GRMN,Garmin Ltd.,reports,Consumer Discretionary,Consumer Electronics,12/12/12,1121788,
215,IT,Gartner Inc,reports,Information Technology,IT Consulting & Other Services,4/5/17,749251,
216,GD,General Dynamics,reports,Industrials,Aerospace & Defense,,40533,1899
217,GE,General Electric,reports,Industrials,Industrial Conglomerates,,40545,1892
218,GIS,General Mills,reports,Consumer Staples,Packaged Foods & Meats,3/31/69,40704,1856
219,GM,General Motors,reports,Consumer Discretionary,Automobile Manufacturers,6/6/13,1467858,
220,GPC,Genuine Parts,reports,Consumer Discretionary,Specialty Stores,12/31/73,40987,1925
221,GILD,Gilead Sciences,reports,Health Care,Biotechnology,7/1/04,882095,
222,GPN,Global Payments Inc.,reports,Information Technology,Data Processing & Outsourced Services,4/25/16,1123360,
223,GS,Goldman Sachs Group,reports,Financials,Investment Banking & Brokerage,7/22/02,886982,
224,GWW,Grainger (W.W.) Inc.,reports,Industrials,Industrial Machinery,6/30/81,277135,
225,HAL,Halliburton Co.,reports,Energy,Oil & Gas Equipment & Services,,45012,1919
226,HBI,Hanesbrands Inc,reports,Consumer Discretionary,"Apparel, Accessories & Luxury Goods",3/20/15,1359841,
227,HOG,Harley-Davidson,reports,Consumer Discretionary,Motorcycle Manufacturers,,793952,1903
228,HRS,Harris Corporation,reports,Industrials,Aerospace & Defense,9/22/08,202058,
229,HIG,Hartford Financial Svc.Gp.,reports,Financials,Property & Casualty Insurance,,874766,
230,HAS,Hasbro Inc.,reports,Consumer Discretionary,Leisure Products,9/30/84,46080,
231,HCA,HCA Healthcare,reports,Health Care,Health Care Facilities,1/27/15,860730,
232,HCP,HCP Inc.,reports,Real Estate,Health Care REITs,3/31/08,765880,
233,HP,Helmerich & Payne,reports,Energy,Oil & Gas Drilling,3/1/10,46765,
234,HSIC,Henry Schein,reports,Health Care,Health Care Distributors,3/17/15,1000228,
235,HSY,The Hershey Company,reports,Consumer Staples,Packaged Foods & Meats,,47111,1894
236,HES,Hess Corporation,reports,Energy,Integrated Oil & Gas,5/31/84,4447,
237,HPE,Hewlett Packard Enterprise,reports,Information Technology,"Technology Hardware, Storage & Peripherals",11/2/15,1645590,
238,HLT,Hilton Worldwide Holdings Inc,reports,Consumer Discretionary,"Hotels, Resorts & Cruise Lines",6/19/17,1585689,
239,HFC,HollyFrontier Corp,reports,Energy,Oil & Gas Refining & Marketing,6/18/18,48039,
240,HOLX,Hologic,reports,Health Care,Health Care Equipment,3/30/16,859737,
241,HD,Home Depot,reports,Consumer Discretionary,Home Improvement Retail,3/31/88,354950,
242,HON,Honeywell Int'l Inc.,reports,Industrials,Industrial Conglomerates,3/31/64,773840,1906
243,HRL,Hormel Foods Corp.,reports,Consumer Staples,Packaged Foods & Meats,3/4/09,48465,
244,HST,Host Hotels & Resorts,reports,Real Estate,Hotel & Resort REITs,3/20/07,1070750,
245,HPQ,HP Inc.,reports,Information Technology,"Technology Hardware, Storage & Peripherals",12/31/74,47217,1939
246,HUM,Humana Inc.,reports,Health Care,Managed Health Care,,49071,1961
247,HBAN,Huntington Bancshares,reports,Financials,Regional Banks,,49196,1866
248,HII,Huntington Ingalls Industries,reports,Industrials,Aerospace & Defense,1/3/18,1501585,
249,IDXX,IDEXX Laboratories,reports,Health Care,Health Care Equipment,1/5/17,874716,
250,INFO,IHS Markit Ltd.,reports,Industrials,Research & Consulting Services,6/2/17,1598014,
251,ITW,Illinois Tool Works,reports,Industrials,Industrial Machinery,2/28/86,49826,
252,ILMN,Illumina Inc,reports,Health Care,Life Sciences Tools & Services,11/19/15,1110803,
253,IR,Ingersoll-Rand PLC,reports,Industrials,Industrial Machinery,11/17/10,1466258,
254,INTC,Intel Corp.,reports,Information Technology,Semiconductors,12/31/76,50863,
255,ICE,Intercontinental Exchange,reports,Financials,Financial Exchanges & Data,9/26/07,1571949,
256,IBM,International Business Machines,reports,Information Technology,IT Consulting & Other Services,,51143,1911
257,INCY,Incyte,reports,Health Care,Biotechnology,2/28/17,879169,
258,IP,International Paper,reports,Materials,Paper Packaging,,51434,1898
259,IPG,Interpublic Group,reports,Communication Services,Advertising,10/1/92,51644,
260,IFF,Intl Flavors & Fragrances,reports,Materials,Specialty Chemicals,3/31/76,51253,
261,INTU,Intuit Inc.,reports,Information Technology,Internet Software & Services,12/5/00,896878,
262,ISRG,Intuitive Surgical Inc.,reports,Health Care,Health Care Equipment,6/2/08,1035267,
263,IVZ,Invesco Ltd.,reports,Financials,Asset Management & Custody Banks,8/21/08,914208,
264,IPGP,IPG Photonics Corp.,reports,Information Technology,Electronic Manufacturing Services,3/7/18,1111928,
265,IQV,IQVIA Holdings Inc.,reports,Health Care,Life Sciences Tools & Service,8/29/17,1478242,
266,IRM,Iron Mountain Incorporated,reports,Real Estate,Specialized REITs,1/6/09,1020569,
267,JKHY,Jack Henry & Associates,reports,Information Technology,Data Processing & Outsourced Services,11/13/18,779152,
268,JEC,Jacobs Engineering Group,reports,Industrials,Construction & Engineering,10/26/07,52988,
269,JBHT,J. B. Hunt Transport Services,reports,Industrials,Trucking,7/1/15,728535,
270,JEF,Jefferies Financial Group,reports,Financials,Multi-Sector Holdings,8/27/07,96223,
271,SJM,JM Smucker,reports,Consumer Staples,Packaged Foods & Meats,11/6/08,91419,
272,JNJ,Johnson & Johnson,reports,Health Care,Pharmaceuticals,6/30/73,200406,1886
273,JCI,Johnson Controls International,reports,Industrials,Building Products,8/27/10,833444,
274,JPM,JPMorgan Chase & Co.,reports,Financials,Diversified Banks,6/30/75,19617,
275,JNPR,Juniper Networks,reports,Information Technology,Communications Equipment,,1043604,1996
276,KSU,Kansas City Southern,reports,Industrials,Railroads,5/24/13,54480,
277,K,Kellogg Co.,reports,Consumer Staples,Packaged Foods & Meats,,55067,1906
278,KEY,KeyCorp,reports,Financials,Regional Banks,3/1/94,91576,
279,KEYS,Keysight Technologies,reports,Information Technology,Electronic Equipment & Instruments,11/6/18,1601046,2014
280,KMB,Kimberly-Clark,reports,Consumer Staples,Household Products,,55785,1872
281,KIM,Kimco Realty,reports,Real Estate,Retail REITs,4/4/06,879101,
282,KMI,Kinder Morgan,reports,Energy,Oil & Gas Storage & Transportation,5/25/12,1506307,
283,KLAC,KLA-Tencor Corp.,reports,Information Technology,Semiconductor Equipment,,319201,1975 
284,KSS,Kohl's Corp.,reports,Consumer Discretionary,General Merchandise Stores,,885639,1962
285,KHC,Kraft Heinz Co,reports,Consumer Staples,Packaged Foods & Meats,7/6/15,1637459,
286,KR,Kroger Co.,reports,Consumer Staples,Food Retail,,56873,1883
287,LB,L Brands Inc.,reports,Consumer Discretionary,Apparel Retail,9/30/83,701985,
288,LLL,L-3 Communications Holdings,reports,Industrials,Aerospace & Defense,,1039101,1997
289,LH,Laboratory Corp. of America Holding,reports,Health Care,Health Care Services,11/1/04,920148,
290,LRCX,Lam Research,reports,Information Technology,Semiconductor Equipment,6/29/12,707549,
291,LW,Lamb Weston Holdings Inc,reports,Consumer Staples,Packaged Foods & Meats,12/3/18,1679273,
292,LEG,Leggett & Platt,reports,Consumer Discretionary,Home Furnishings,,58492,1883
293,LEN,Lennar Corp.,reports,Consumer Discretionary,Homebuilding,10/4/05,920760,
294,LLY,Lilly (Eli) & Co.,reports,Health Care,Pharmaceuticals,12/31/70,59478,1876
295,LNC,Lincoln National,reports,Financials,Multi-line Insurance,6/30/76,59558,
296,LIN,Linde plc,reports,Materials,Industrial Gases,7/1/92,1707925,
297,LKQ,LKQ Corporation,reports,Consumer Discretionary,Distributors,5/23/16,1065696,
298,LMT,Lockheed Martin Corp.,reports,Industrials,Aerospace & Defense,7/31/84,936468,
299,L,Loews Corp.,reports,Financials,Multi-line Insurance,,60086,
300,LOW,Lowe's Cos.,reports,Consumer Discretionary,Home Improvement Retail,2/29/84,60667,1904
301,LYB,LyondellBasell,reports,Materials,Specialty Chemicals,9/5/12,1489393,
302,MTB,M&T Bank Corp.,reports,Financials,Regional Banks,,36270,1856
303,MAC,Macerich,reports,Real Estate,Retail REITs,5/9/13,912242,
304,M,Macy's Inc.,reports,Consumer Discretionary,Department Stores,,794367,1929
305,MRO,Marathon Oil Corp.,reports,Energy,Oil & Gas Exploration & Production,5/1/91,101778,
306,MPC,Marathon Petroleum,reports,Energy,Oil & Gas Refining & Marketing,7/1/11,1510295,
307,MAR,Marriott Int'l.,reports,Consumer Discretionary,"Hotels, Resorts & Cruise Lines",,1048286,1927
308,MMC,Marsh & McLennan,reports,Financials,Insurance Brokers,8/31/87,62709,
309,MLM,Martin Marietta Materials,reports,Materials,Construction Materials,7/2/14,916076,
310,MAS,Masco Corp.,reports,Industrials,Building Products,6/30/81,62996,
311,MA,Mastercard Inc.,reports,Information Technology,IT Services,7/18/08,1141391,
312,MAT,Mattel Inc.,reports,Consumer Discretionary,Leisure Products,3/31/82,63276,
313,MKC,McCormick & Co.,reports,Consumer Staples,Packaged Foods & Meats,,63754,1889
314,MXIM,Maxim Integrated Products Inc,reports,Information Technology,Semiconductors,12/3/18,743316,1983
315,MCD,McDonald's Corp.,reports,Consumer Discretionary,Restaurants,6/30/70,63908,1940
316,MCK,McKesson Corp.,reports,Health Care,Health Care Distributors,,927653,1833
317,MDT,Medtronic plc,reports,Health Care,Health Care Equipment,10/31/86,1613103,
318,MRK,Merck & Co.,reports,Health Care,Pharmaceuticals,,310158,1891
319,MET,MetLife Inc.,reports,Financials,Life & Health Insurance,,1099219,1868
320,MTD,Mettler Toledo,reports,Health Care,Life Sciences Tools & Services,9/6/16,1037646,
321,MGM,MGM Resorts International,reports,Consumer Discretionary,Casinos & Gaming,7/26/17,789570,
322,MCHP,Microchip Technology,reports,Information Technology,Semiconductors,9/7/07,827054,
323,MU,Micron Technology,reports,Information Technology,Semiconductors,9/27/94,723125,
324,MSFT,Microsoft Corp.,reports,Information Technology,Systems Software,6/1/94,789019,1975
325,MAA,Mid-America Apartments,reports,Real Estate,Residential REITs,12/2/16,912595,
326,MHK,Mohawk Industries,reports,Consumer Discretionary,Home Furnishings,12/23/13,851968,
327,TAP,Molson Coors Brewing Company,reports,Consumer Staples,Brewers,6/30/76,24545,
328,MDLZ,Mondelez International,reports,Consumer Staples,Packaged Foods & Meats,10/2/12,1103982,
329,MNST,Monster Beverage,reports,Consumer Staples,Soft Drinks,6/28/12,865752,
330,MCO,Moody's Corp,reports,Financials,Financial Exchanges & Data,,1059556,1909
331,MS,Morgan Stanley,reports,Financials,Investment Banking & Brokerage,,895421,1935
332,MOS,The Mosaic Company,reports,Materials,Fertilizers & Agricultural Chemicals,9/26/11,1285785,
333,MSI,Motorola Solutions Inc.,reports,Information Technology,Communications Equipment,,68505,1928
334,MSCI,MSCI Inc,reports,Financials,Financial Exchanges & Data,4/4/18,1408198,
335,MYL,Mylan N.V.,reports,Health Care,Pharmaceuticals,4/23/04,1623613,
336,NDAQ,"Nasdaq, Inc.",reports,Financials,Financial Exchanges & Data,10/22/08,1120193,
337,NOV,National Oilwell Varco Inc.,reports,Energy,Oil & Gas Equipment & Services,3/14/05,1021860,
338,NKTR,Nektar Therapeutics,reports,Health Care,Pharmaceuticals,3/19/18,906709,
339,NTAP,NetApp,reports,Information Technology,Internet Software & Services,6/25/99,1002047,
340,NFLX,Netflix Inc.,reports,Communication Services,Movies & Entertainment,12/20/10,1065280,1997
341,NWL,Newell Brands,reports,Consumer Discretionary,Housewares & Specialties,4/30/89,814453,
342,NEM,Newmont Goldcorp,reports,Materials,Gold,6/30/69,1164727,1921
343,NWSA,News Corp. Class A,reports,Communication Services,Publishing,8/1/13,1564708,
344,NWS,News Corp. Class B,reports,Communication Services,Publishing,9/18/15,1564708,
345,NEE,NextEra Energy,reports,Utilities,Multi-Utilities,6/30/76,753308,
346,NLSN,Nielsen Holdings,reports,Industrials,Research & Consulting Services,7/9/13,1492633,
347,NKE,Nike,reports,Consumer Discretionary,"Apparel, Accessories & Luxury Goods",11/30/88,320187,
348,NI,NiSource Inc.,reports,Utilities,Multi-Utilities,,1111711,1912
349,NBL,Noble Energy Inc,reports,Energy,Oil & Gas Exploration & Production,10/8/07,72207,
350,JWN,Nordstrom,reports,Consumer Discretionary,Department Stores,8/31/86,72333,
351,NSC,Norfolk Southern Corp.,reports,Industrials,Railroads,,702165,1881 
352,NTRS,Northern Trust Corp.,reports,Financials,Asset Management & Custody Banks,,73124,1889
353,NOC,Northrop Grumman,reports,Industrials,Aerospace & Defense,6/30/85,1133421,
354,NCLH,Norwegian Cruise Line Holdings,reports,Consumer Discretionary,"Hotels, Resorts & Cruise Lines",10/13/17,1513761,
355,NRG,NRG Energy,reports,Utilities,Independent Power Producers & Energy Traders,1/29/10,1013871,
356,NUE,Nucor Corp.,reports,Materials,Steel,4/30/85,73309,
357,NVDA,Nvidia Corporation,reports,Information Technology,Semiconductors,11/30/01,1045810,
358,ORLY,O'Reilly Automotive,reports,Consumer Discretionary,Specialty Stores,3/27/09,898173,
359,OXY,Occidental Petroleum,reports,Energy,Oil & Gas Exploration & Production,12/31/82,797468,
360,OMC,Omnicom Group,reports,Communication Services,Advertising,,29989,1986
361,OKE,ONEOK,reports,Energy,Oil & Gas Storage & Transportation,3/15/10,1039684,
362,ORCL,Oracle Corp.,reports,Information Technology,Application Software,8/31/89,1341439,
363,PCAR,PACCAR Inc.,reports,Industrials,Construction Machinery & Heavy Trucks,12/31/80,75362,
364,PKG,Packaging Corporation of America,reports,Materials,Paper Packaging,7/26/17,75677,
365,PH,Parker-Hannifin,reports,Industrials,Industrial Machinery,11/30/85,76334,
366,PAYX,Paychex Inc.,reports,Information Technology,Internet Software & Services,,723531,1971
367,PYPL,PayPal,reports,Information Technology,Data Processing & Outsourced Services,7/20/15,1633917,
368,PNR,Pentair plc,reports,Industrials,Industrial Machinery,10/1/12,77360,
369,PBCT,People's United Financial,reports,Financials,Thrifts & Mortgage Finance,11/13/08,1378946,
370,PEP,PepsiCo Inc.,reports,Consumer Staples,Soft Drinks,,77476,1898
371,PKI,PerkinElmer,reports,Health Care,Health Care Equipment,5/31/85,31791,
372,PRGO,Perrigo,reports,Health Care,Pharmaceuticals,12/19/11,1585364,
373,PFE,Pfizer Inc.,reports,Health Care,Pharmaceuticals,,78003,1849
374,PM,Philip Morris International,reports,Consumer Staples,Tobacco,3/31/08,1413329,
375,PSX,Phillips 66,reports,Energy,Oil & Gas Refining & Marketing,5/1/12,1534701,
376,PNW,Pinnacle West Capital,reports,Utilities,Multi-Utilities,,764622,1985
377,PXD,Pioneer Natural Resources,reports,Energy,Oil & Gas Exploration & Production,9/24/08,1038357,
378,PNC,PNC Financial Services,reports,Financials,Regional Banks,4/30/88,713676,
379,PPG,PPG Industries,reports,Materials,Specialty Chemicals,,79879,1883
380,PPL,PPL Corp.,reports,Utilities,Electric Utilities,,922224,
381,PFG,Principal Financial Group,reports,Financials,Life & Health Insurance,7/22/02,1126328,
382,PG,Procter & Gamble,reports,Consumer Staples,Personal Products,,80424,1837
383,PGR,Progressive Corp.,reports,Financials,Property & Casualty Insurance,8/4/97,80661,
384,PLD,Prologis,reports,Real Estate,Industrial REITs,7/17/03,1045609,
385,PRU,Prudential Financial,reports,Financials,Life & Health Insurance,7/22/02,1137774,
386,PEG,Public Serv. Enterprise Inc.,reports,Utilities,Electric Utilities,,788784,
387,PSA,Public Storage,reports,Real Estate,Specialized REITs,8/19/05,1393311,
388,PHM,Pulte Homes Inc.,reports,Consumer Discretionary,Homebuilding,4/30/84,822416,
389,PVH,PVH Corp.,reports,Consumer Discretionary,"Apparel, Accessories & Luxury Goods",2/15/13,78239,
390,QRVO,Qorvo,reports,Information Technology,Semiconductors,6/11/15,1604778,
391,PWR,Quanta Services Inc.,reports,Industrials,Construction & Engineering,7/1/09,1050915,
392,QCOM,QUALCOMM Inc.,reports,Information Technology,Semiconductors,,804328,1985
393,DGX,Quest Diagnostics,reports,Health Care,Health Care Services,12/12/02,1022079,
394,RL,Ralph Lauren Corporation,reports,Consumer Discretionary,"Apparel, Accessories & Luxury Goods",2/2/07,1037038,
395,RJF,Raymond James Financial Inc.,reports,Financials,Investment Banking & Brokerage,3/20/17,720005,
396,RTN,Raytheon Co.,reports,Industrials,Aerospace & Defense,,1047122,1922
397,O,Realty Income Corporation,reports,Real Estate,Retail REITs,4/7/15,726728,
398,RHT,Red Hat Inc.,reports,Information Technology,Systems Software,7/27/09,1087423,
399,REG,Regency Centers Corporation,reports,Real Estate,Retail REITs,3/2/17,910606,
400,REGN,Regeneron,reports,Health Care,Biotechnology,5/1/13,872589,
401,RF,Regions Financial Corp.,reports,Financials,Regional Banks,8/28/98,1281761,
402,RSG,Republic Services Inc,reports,Industrials,Environmental & Facilities Services,12/5/08,1060391,
403,RMD,ResMed,reports,Health Care,Health Care Equipment,7/26/17,943819,
404,RHI,Robert Half International,reports,Industrials,Human Resource & Employment Services,12/5/00,315213,
405,ROK,Rockwell Automation Inc.,reports,Industrials,Electrical Components & Equipment,,1024478,
406,ROL,Rollins Inc.,reports,Industrials,Environmental & Facilities Services,10/1/18,84839,
407,ROP,Roper Technologies,reports,Industrials,Industrial Conglomerates,12/23/09,882835,
408,ROST,Ross Stores,reports,Consumer Discretionary,Apparel Retail,12/21/09,745732,
409,RCL,Royal Caribbean Cruises Ltd,reports,Consumer Discretionary,"Hotels, Resorts & Cruise Lines",12/5/14,884887,
410,CRM,Salesforce.com,reports,Information Technology,Internet Software & Services,9/15/08,1108524,
411,SBAC,SBA Communications,reports,Real Estate,Specialized REITs,9/1/17,1034054,
412,SLB,Schlumberger Ltd.,reports,Energy,Oil & Gas Equipment & Services,3/31/65,87347,1926
413,STX,Seagate Technology,reports,Information Technology,"Technology Hardware, Storage & Peripherals",7/2/12,1137789,
414,SEE,Sealed Air,reports,Materials,Paper Packaging,,1012100,
415,SRE,Sempra Energy,reports,Utilities,Multi-Utilities,,1032208,
416,SHW,Sherwin-Williams,reports,Materials,Specialty Chemicals,6/30/64,89800,1866
417,SPG,Simon Property Group Inc,reports,Real Estate,Retail REITs,6/26/02,1063761,
418,SWKS,Skyworks Solutions,reports,Information Technology,Semiconductors,3/12/15,4127,
419,SLG,SL Green Realty,reports,Real Estate,Office REITs,3/20/15,1040971,
420,SNA,Snap-on,reports,Industrials,Industrial Machinery,9/30/82,91440,
421,SO,Southern Co.,reports,Utilities,Electric Utilities,,92122,
422,LUV,Southwest Airlines,reports,Industrials,Airlines,7/1/94,92380,
423,SPGI,"S&P Global, Inc.",reports,Financials,Financial Exchanges & Data,,64040,
424,SWK,Stanley Black & Decker,reports,Industrials,Industrial Machinery,9/30/82,93556,
425,SBUX,Starbucks Corp.,reports,Consumer Discretionary,Restaurants,,829224,1971
426,STT,State Street Corp.,reports,Financials,Asset Management & Custody Banks,,93751,
427,SYK,Stryker Corp.,reports,Health Care,Health Care Equipment,12/12/00,310764,
428,STI,SunTrust Banks,reports,Financials,Regional Banks,5/31/88,750556,
429,SIVB,SVB Financial,reports,Financials,Regional Banks,3/19/18,719739,
430,SYMC,Symantec Corp.,reports,Information Technology,Application Software,3/25/03,849399,
431,SYF,Synchrony Financial,reports,Financials,Consumer Finance,11/18/15,1601712,
432,SNPS,Synopsys Inc.,reports,Information Technology,Application Software,3/16/17,883241,
433,SYY,Sysco Corp.,reports,Consumer Staples,Food Distributors,12/31/86,96021,
434,TROW,T. Rowe Price Group,reports,Financials,Asset Management & Custody Banks,,1113169,1937
435,TTWO,Take-Two Interactive,reports,Communication Services,Interactive Home Entertainment,3/19/18,946581,
436,TPR,"Tapestry, Inc.",reports,Consumer Discretionary,"Apparel, Accessories & Luxury Goods",,1116132,2017
437,TGT,Target Corp.,reports,Consumer Discretionary,General Merchandise Stores,12/31/76,27419,
438,TEL,TE Connectivity Ltd.,reports,Information Technology,Electronic Manufacturing Services,10/17/11,1385157,
439,FTI,TechnipFMC,reports,Energy,Oil & Gas Equipment & Services,6/5/09,1681459,
440,TFX,Teleflex,reports,Health Care,Health Care Equipment,1/18/19,96943,1943
441,TXN,Texas Instruments,reports,Information Technology,Semiconductors,,97476,1930
442,TXT,Textron Inc.,reports,Industrials,Aerospace & Defense,12/31/78,217346,
443,TMO,Thermo Fisher Scientific,reports,Health Care,Health Care Equipment,,97745,2006
444,TIF,Tiffany & Co.,reports,Consumer Discretionary,"Apparel, Accessories & Luxury Goods",6/21/00,98246,
445,TWTR,"Twitter, Inc.",reports,Communication Services,Interactive Media & Services,6/7/18,1418091,
446,TJX,TJX Companies Inc.,reports,Consumer Discretionary,Apparel Retail,9/30/85,109198,
447,TMK,Torchmark Corp.,reports,Financials,Life & Health Insurance,4/30/89,320335,
448,TSS,Total System Services,reports,Information Technology,Internet Software & Services,1/2/08,721683,
449,TSCO,Tractor Supply Company,reports,Consumer Discretionary,Specialty Stores,1/24/14,916365,
450,TDG,TransDigm Group,reports,Industrials,Aerospace & Defense,6/3/16,1260221,
451,TRV,The Travelers Companies Inc.,reports,Financials,Property & Casualty Insurance,8/21/02,86312,
452,TRIP,TripAdvisor,reports,Communication Services,Interactive Media & Services,12/21/11,1526520,
453,TSN,Tyson Foods,reports,Consumer Staples,Packaged Foods & Meats,,100493,
454,UDR,UDR Inc,reports,Real Estate,Residential REITs,3/7/16,74208,
455,ULTA,Ulta Beauty,reports,Consumer Discretionary,Specialty Stores,4/18/16,1403568,
456,USB,U.S. Bancorp,reports,Financials,Diversified Banks,,36104,1968
457,UAA,Under Armour Class A,reports,Consumer Discretionary,"Apparel, Accessories & Luxury Goods",3/25/16,1336917,
458,UA,Under Armour Class C,reports,Consumer Discretionary,"Apparel, Accessories & Luxury Goods",5/1/14,1336917,
459,UNP,Union Pacific,reports,Industrials,Railroads,,100885,
460,UAL,United Continental Holdings,reports,Industrials,Airlines,9/3/15,100517,
461,UNH,United Health Group Inc.,reports,Health Care,Managed Health Care,7/1/94,731766,
462,UPS,United Parcel Service,reports,Industrials,Air Freight & Logistics,7/22/02,1090727,
463,URI,"United Rentals, Inc.",reports,Industrials,Trading Companies & Distributors,9/20/14,1067701,
464,UTX,United Technologies,reports,Industrials,Aerospace & Defense,,101829,
465,UHS,"Universal Health Services, Inc.",reports,Health Care,Health Care Facilities,9/20/14,352915,
466,UNM,Unum Group,reports,Financials,Life & Health Insurance,3/1/94,5513,
467,VFC,V.F. Corp.,reports,Consumer Discretionary,"Apparel, Accessories & Luxury Goods",6/30/79,103379,
468,VLO,Valero Energy,reports,Energy,Oil & Gas Refining & Marketing,,1035002,1980
469,VAR,Varian Medical Systems,reports,Health Care,Health Care Equipment,2/12/07,203527,
470,VTR,Ventas Inc,reports,Real Estate,Health Care REITs,3/4/09,740260,
471,VRSN,Verisign Inc.,reports,Information Technology,Internet Services & Infrastructure,2/1/06,1014473,
472,VRSK,Verisk Analytics,reports,Industrials,Research & Consulting Services,10/8/15,1442145,
473,VZ,Verizon Communications,reports,Communication Services,Integrated Telecommunication Services,11/30/83,732712,
474,VRTX,Vertex Pharmaceuticals Inc,reports,Health Care,Biotechnology,9/23/13,875320,
475,VIAB,Viacom Inc.,reports,Communication Services,Movies & Entertainment,,1339947,
476,V,Visa Inc.,reports,Information Technology,IT Services,12/21/09,1403161,
477,VNO,Vornado Realty Trust,reports,Real Estate,Office REITs,,899689,
478,VMC,Vulcan Materials,reports,Materials,Construction Materials,6/30/99,1396009,
479,WAB,Wabtec Corporation,reports,Industrials,Construction Machinery & Heavy Trucks,2/27/19,943452,
480,WMT,Walmart,reports,Consumer Staples,Hypermarkets & Super Centers,8/31/82,104169,
481,WBA,Walgreens Boots Alliance,reports,Consumer Staples,Drug Retail,12/31/79,1618921,
482,DIS,The Walt Disney Company,reports,Communication Services,Movies & Entertainment,6/30/76,1001039,
483,WM,Waste Management Inc.,reports,Industrials,Environmental & Facilities Services,6/11/78,823768,1968
484,WAT,Waters Corporation,reports,Health Care,Health Care Distributors,,1000697,1958
485,WEC,Wec Energy Group Inc,reports,Utilities,Electric Utilities,10/31/08,783325,
486,WCG,WellCare,reports,Health Care,Managed Health Care,3/17/1985,1279363,
487,WFC,Wells Fargo,reports,Financials,Diversified Banks,6/30/76,72971,
488,WELL,Welltower Inc.,reports,Real Estate,Health Care REITs,1/30/09,766704,
489,WDC,Western Digital,reports,Information Technology,"Technology Hardware, Storage & Peripherals",7/1/09,106040,
490,WU,Western Union Co,reports,Information Technology,Internet Software & Services,,1365135,1851
491,WRK,WestRock,reports,Materials,Paper Packaging,,1636023,
492,WY,Weyerhaeuser,reports,Real Estate,Specialized REITS,,106535,
493,WHR,Whirlpool Corp.,reports,Consumer Discretionary,Household Appliances,,106640,1911
494,WMB,Williams Cos.,reports,Energy,Oil & Gas Storage & Transportation,3/31/75,107263,
495,WLTW,Willis Towers Watson,reports,Financials,Insurance Brokers,1/5/16,1140536,
496,WYNN,Wynn Resorts Ltd,reports,Consumer Discretionary,Casinos & Gaming,11/14/08,1174922,
497,XEL,Xcel Energy Inc,reports,Utilities,Multi-Utilities,,72903,1909
498,XRX,Xerox,reports,Information Technology,"Technology Hardware, Storage & Peripherals",,108772,1906
499,XLNX,Xilinx,reports,Information Technology,Semiconductors,11/8/99,743988,
500,XYL,Xylem Inc.,reports,Industrials,Industrial Machinery,11/1/11,1524472,
501,YUM,Yum! Brands Inc,reports,Consumer Discretionary,Restaurants,10/6/97,1041061,
502,ZBH,Zimmer Biomet Holdings,reports,Health Care,Health Care Equipment,8/7/01,1136869,
503,ZION,Zions Bancorp,reports,Financials,Regional Banks,6/22/01,109380,
504,ZTS,Zoetis,reports,Health Care,Pharmaceuticals,6/21/13,1555280,
